;time;token;event;position
0;2022-01-13 07:03:05.496000+00:00;gqWkGxjm5N4xB0Zc;scroll;0
1;2022-01-13 07:03:20.104000+00:00;gqWkGxjm5N4xB0Zc;scroll;2
2;2022-01-13 07:03:20.122000+00:00;gqWkGxjm5N4xB0Zc;scroll;22
3;2022-01-13 07:03:20.138000+00:00;gqWkGxjm5N4xB0Zc;scroll;45
4;2022-01-13 07:03:20.156000+00:00;gqWkGxjm5N4xB0Zc;scroll;67
5;2022-01-13 07:03:20.172000+00:00;gqWkGxjm5N4xB0Zc;scroll;85
6;2022-01-13 07:03:20.189000+00:00;gqWkGxjm5N4xB0Zc;scroll;123
7;2022-01-13 07:03:20.223000+00:00;gqWkGxjm5N4xB0Zc;scroll;229
8;2022-01-13 07:03:20.239000+00:00;gqWkGxjm5N4xB0Zc;scroll;285
9;2022-01-13 07:03:20.272000+00:00;gqWkGxjm5N4xB0Zc;scroll;394
10;2022-01-13 07:03:20.290000+00:00;gqWkGxjm5N4xB0Zc;scroll;444
11;2022-01-13 07:03:20.306000+00:00;gqWkGxjm5N4xB0Zc;scroll;497
12;2022-01-13 07:03:20.323000+00:00;gqWkGxjm5N4xB0Zc;scroll;546
13;2022-01-13 07:03:20.339000+00:00;gqWkGxjm5N4xB0Zc;scroll;591
14;2022-01-13 07:03:20.356000+00:00;gqWkGxjm5N4xB0Zc;scroll;634
15;2022-01-13 07:03:20.388000+00:00;gqWkGxjm5N4xB0Zc;scroll;709
16;2022-01-13 07:03:20.422000+00:00;gqWkGxjm5N4xB0Zc;scroll;772
17;2022-01-13 07:03:20.455000+00:00;gqWkGxjm5N4xB0Zc;scroll;826
18;2022-01-13 07:03:20.485000+00:00;gqWkGxjm5N4xB0Zc;scroll;850
19;2022-01-13 07:03:20.503000+00:00;gqWkGxjm5N4xB0Zc;scroll;871
20;2022-01-13 07:03:20.518000+00:00;gqWkGxjm5N4xB0Zc;scroll;907
21;2022-01-13 07:03:20.535000+00:00;gqWkGxjm5N4xB0Zc;scroll;923
22;2022-01-13 07:03:20.568000+00:00;gqWkGxjm5N4xB0Zc;scroll;937
23;2022-01-13 07:03:20.586000+00:00;gqWkGxjm5N4xB0Zc;scroll;950
24;2022-01-13 07:03:20.603000+00:00;gqWkGxjm5N4xB0Zc;scroll;963
25;2022-01-13 07:03:20.618000+00:00;gqWkGxjm5N4xB0Zc;scroll;984
26;2022-01-13 07:03:20.652000+00:00;gqWkGxjm5N4xB0Zc;scroll;993
27;2022-01-13 07:03:20.669000+00:00;gqWkGxjm5N4xB0Zc;scroll;1002
28;2022-01-13 07:03:20.685000+00:00;gqWkGxjm5N4xB0Zc;scroll;1017
29;2022-01-13 07:03:20.718000+00:00;gqWkGxjm5N4xB0Zc;scroll;1024
30;2022-01-13 07:03:20.736000+00:00;gqWkGxjm5N4xB0Zc;scroll;1030
31;2022-01-13 07:03:20.752000+00:00;gqWkGxjm5N4xB0Zc;scroll;1036
32;2022-01-13 07:03:20.768000+00:00;gqWkGxjm5N4xB0Zc;scroll;1041
33;2022-01-13 07:03:20.785000+00:00;gqWkGxjm5N4xB0Zc;scroll;1046
34;2022-01-13 07:03:20.802000+00:00;gqWkGxjm5N4xB0Zc;scroll;1051
35;2022-01-13 07:03:20.818000+00:00;gqWkGxjm5N4xB0Zc;scroll;1055
36;2022-01-13 07:03:20.835000+00:00;gqWkGxjm5N4xB0Zc;scroll;1059
37;2022-01-13 07:03:20.853000+00:00;gqWkGxjm5N4xB0Zc;scroll;1063
38;2022-01-13 07:03:20.868000+00:00;gqWkGxjm5N4xB0Zc;scroll;1066
39;2022-01-13 07:03:20.886000+00:00;gqWkGxjm5N4xB0Zc;scroll;1069
40;2022-01-13 07:03:20.901000+00:00;gqWkGxjm5N4xB0Zc;scroll;1075
41;2022-01-13 07:03:20.918000+00:00;gqWkGxjm5N4xB0Zc;scroll;1077
42;2022-01-13 07:03:20.935000+00:00;gqWkGxjm5N4xB0Zc;scroll;1079
43;2022-01-13 07:03:20.953000+00:00;gqWkGxjm5N4xB0Zc;scroll;1081
44;2022-01-13 07:03:20.985000+00:00;gqWkGxjm5N4xB0Zc;scroll;1083
45;2022-01-13 07:03:21.002000+00:00;gqWkGxjm5N4xB0Zc;scroll;1084
46;2022-01-13 07:03:21.019000+00:00;gqWkGxjm5N4xB0Zc;scroll;1085
47;2022-01-13 07:03:21.035000+00:00;gqWkGxjm5N4xB0Zc;scroll;1086
48;2022-01-13 07:03:21.052000+00:00;gqWkGxjm5N4xB0Zc;scroll;1087
49;2022-01-13 07:03:21.069000+00:00;gqWkGxjm5N4xB0Zc;scroll;1088
50;2022-01-13 07:03:21.086000+00:00;gqWkGxjm5N4xB0Zc;scroll;1089
51;2022-01-13 07:03:21.119000+00:00;gqWkGxjm5N4xB0Zc;scroll;1091
52;2022-01-13 07:03:21.411000+00:00;gqWkGxjm5N4xB0Zc;scroll;1092
53;2022-01-13 07:03:21.418000+00:00;gqWkGxjm5N4xB0Zc;scroll;1097
54;2022-01-13 07:03:21.435000+00:00;gqWkGxjm5N4xB0Zc;scroll;1117
55;2022-01-13 07:03:21.452000+00:00;gqWkGxjm5N4xB0Zc;scroll;1163
56;2022-01-13 07:03:21.469000+00:00;gqWkGxjm5N4xB0Zc;scroll;1225
57;2022-01-13 07:03:21.485000+00:00;gqWkGxjm5N4xB0Zc;scroll;1310
58;2022-01-13 07:03:21.518000+00:00;gqWkGxjm5N4xB0Zc;scroll;1346
59;2022-01-13 07:03:25.269000+00:00;gqWkGxjm5N4xB0Zc;scroll;0
60;2022-01-13 07:03:33.789000+00:00;gqWkGxjm5N4xB0Zc;scroll;1
61;2022-01-13 07:03:33.809000+00:00;gqWkGxjm5N4xB0Zc;scroll;5
62;2022-01-13 07:03:33.826000+00:00;gqWkGxjm5N4xB0Zc;scroll;11
63;2022-01-13 07:03:33.843000+00:00;gqWkGxjm5N4xB0Zc;scroll;20
64;2022-01-13 07:03:33.859000+00:00;gqWkGxjm5N4xB0Zc;scroll;32
65;2022-01-13 07:03:33.875000+00:00;gqWkGxjm5N4xB0Zc;scroll;40
66;2022-01-13 07:03:33.893000+00:00;gqWkGxjm5N4xB0Zc;scroll;46
67;2022-01-13 07:03:33.926000+00:00;gqWkGxjm5N4xB0Zc;scroll;53
68;2022-01-13 07:03:33.943000+00:00;gqWkGxjm5N4xB0Zc;scroll;61
69;2022-01-13 07:03:33.958000+00:00;gqWkGxjm5N4xB0Zc;scroll;69
70;2022-01-13 07:03:33.977000+00:00;gqWkGxjm5N4xB0Zc;scroll;77
71;2022-01-13 07:03:33.993000+00:00;gqWkGxjm5N4xB0Zc;scroll;85
72;2022-01-13 07:03:34.009000+00:00;gqWkGxjm5N4xB0Zc;scroll;93
73;2022-01-13 07:03:34.026000+00:00;gqWkGxjm5N4xB0Zc;scroll;101
74;2022-01-13 07:03:34.042000+00:00;gqWkGxjm5N4xB0Zc;scroll;109
75;2022-01-13 07:03:34.060000+00:00;gqWkGxjm5N4xB0Zc;scroll;117
76;2022-01-13 07:03:34.076000+00:00;gqWkGxjm5N4xB0Zc;scroll;124
77;2022-01-13 07:03:34.092000+00:00;gqWkGxjm5N4xB0Zc;scroll;130
78;2022-01-13 07:03:34.110000+00:00;gqWkGxjm5N4xB0Zc;scroll;136
79;2022-01-13 07:03:34.126000+00:00;gqWkGxjm5N4xB0Zc;scroll;141
80;2022-01-13 07:03:34.143000+00:00;gqWkGxjm5N4xB0Zc;scroll;146
81;2022-01-13 07:03:34.158000+00:00;gqWkGxjm5N4xB0Zc;scroll;151
82;2022-01-13 07:03:34.176000+00:00;gqWkGxjm5N4xB0Zc;scroll;155
83;2022-01-13 07:03:34.193000+00:00;gqWkGxjm5N4xB0Zc;scroll;159
84;2022-01-13 07:03:34.209000+00:00;gqWkGxjm5N4xB0Zc;scroll;163
85;2022-01-13 07:03:34.226000+00:00;gqWkGxjm5N4xB0Zc;scroll;166
86;2022-01-13 07:03:34.243000+00:00;gqWkGxjm5N4xB0Zc;scroll;169
87;2022-01-13 07:03:34.260000+00:00;gqWkGxjm5N4xB0Zc;scroll;172
88;2022-01-13 07:03:34.275000+00:00;gqWkGxjm5N4xB0Zc;scroll;175
89;2022-01-13 07:03:34.291000+00:00;gqWkGxjm5N4xB0Zc;scroll;177
90;2022-01-13 07:03:34.309000+00:00;gqWkGxjm5N4xB0Zc;scroll;179
91;2022-01-13 07:03:34.326000+00:00;gqWkGxjm5N4xB0Zc;scroll;181
92;2022-01-13 07:03:34.343000+00:00;gqWkGxjm5N4xB0Zc;scroll;183
93;2022-01-13 07:03:34.359000+00:00;gqWkGxjm5N4xB0Zc;scroll;185
94;2022-01-13 07:03:34.376000+00:00;gqWkGxjm5N4xB0Zc;scroll;186
95;2022-01-13 07:03:34.392000+00:00;gqWkGxjm5N4xB0Zc;scroll;187
96;2022-01-13 07:03:34.409000+00:00;gqWkGxjm5N4xB0Zc;scroll;188
97;2022-01-13 07:03:34.425000+00:00;gqWkGxjm5N4xB0Zc;scroll;189
98;2022-01-13 07:03:34.443000+00:00;gqWkGxjm5N4xB0Zc;scroll;190
99;2022-01-13 07:03:34.476000+00:00;gqWkGxjm5N4xB0Zc;scroll;191
100;2022-01-13 07:03:34.492000+00:00;gqWkGxjm5N4xB0Zc;scroll;192
101;2022-01-13 07:03:34.525000+00:00;gqWkGxjm5N4xB0Zc;scroll;193
102;2022-01-13 07:03:34.844000+00:00;gqWkGxjm5N4xB0Zc;scroll;194
103;2022-01-13 07:03:34.859000+00:00;gqWkGxjm5N4xB0Zc;scroll;198
104;2022-01-13 07:03:34.875000+00:00;gqWkGxjm5N4xB0Zc;scroll;203
105;2022-01-13 07:03:34.892000+00:00;gqWkGxjm5N4xB0Zc;scroll;208
106;2022-01-13 07:03:34.909000+00:00;gqWkGxjm5N4xB0Zc;scroll;213
107;2022-01-13 07:03:34.926000+00:00;gqWkGxjm5N4xB0Zc;scroll;217
108;2022-01-13 07:03:34.942000+00:00;gqWkGxjm5N4xB0Zc;scroll;221
109;2022-01-13 07:03:34.959000+00:00;gqWkGxjm5N4xB0Zc;scroll;225
110;2022-01-13 07:03:34.975000+00:00;gqWkGxjm5N4xB0Zc;scroll;227
111;2022-01-13 07:03:34.992000+00:00;gqWkGxjm5N4xB0Zc;scroll;231
112;2022-01-13 07:03:35.609000+00:00;gqWkGxjm5N4xB0Zc;scroll;234
113;2022-01-13 07:03:35.626000+00:00;gqWkGxjm5N4xB0Zc;scroll;238
114;2022-01-13 07:03:35.642000+00:00;gqWkGxjm5N4xB0Zc;scroll;247
115;2022-01-13 07:03:35.659000+00:00;gqWkGxjm5N4xB0Zc;scroll;253
116;2022-01-13 07:03:35.675000+00:00;gqWkGxjm5N4xB0Zc;scroll;260
117;2022-01-13 07:03:35.691000+00:00;gqWkGxjm5N4xB0Zc;scroll;265
118;2022-01-13 07:03:35.709000+00:00;gqWkGxjm5N4xB0Zc;scroll;267
119;2022-01-13 07:03:35.725000+00:00;gqWkGxjm5N4xB0Zc;scroll;272
120;2022-01-13 07:03:35.741000+00:00;gqWkGxjm5N4xB0Zc;scroll;278
121;2022-01-13 07:03:35.759000+00:00;gqWkGxjm5N4xB0Zc;scroll;284
122;2022-01-13 07:03:35.776000+00:00;gqWkGxjm5N4xB0Zc;scroll;290
123;2022-01-13 07:03:35.792000+00:00;gqWkGxjm5N4xB0Zc;scroll;296
124;2022-01-13 07:03:35.808000+00:00;gqWkGxjm5N4xB0Zc;scroll;302
125;2022-01-13 07:03:35.825000+00:00;gqWkGxjm5N4xB0Zc;scroll;307
126;2022-01-13 07:03:35.843000+00:00;gqWkGxjm5N4xB0Zc;scroll;313
127;2022-01-13 07:03:35.859000+00:00;gqWkGxjm5N4xB0Zc;scroll;318
128;2022-01-13 07:03:35.875000+00:00;gqWkGxjm5N4xB0Zc;scroll;323
129;2022-01-13 07:03:35.892000+00:00;gqWkGxjm5N4xB0Zc;scroll;328
130;2022-01-13 07:03:35.909000+00:00;gqWkGxjm5N4xB0Zc;scroll;332
131;2022-01-13 07:03:35.926000+00:00;gqWkGxjm5N4xB0Zc;scroll;336
132;2022-01-13 07:03:35.942000+00:00;gqWkGxjm5N4xB0Zc;scroll;340
133;2022-01-13 07:03:35.959000+00:00;gqWkGxjm5N4xB0Zc;scroll;343
134;2022-01-13 07:03:35.976000+00:00;gqWkGxjm5N4xB0Zc;scroll;346
135;2022-01-13 07:03:35.993000+00:00;gqWkGxjm5N4xB0Zc;scroll;349
136;2022-01-13 07:03:36.010000+00:00;gqWkGxjm5N4xB0Zc;scroll;351
137;2022-01-13 07:03:36.026000+00:00;gqWkGxjm5N4xB0Zc;scroll;353
138;2022-01-13 07:03:36.043000+00:00;gqWkGxjm5N4xB0Zc;scroll;355
139;2022-01-13 07:03:36.059000+00:00;gqWkGxjm5N4xB0Zc;scroll;357
140;2022-01-13 07:03:36.075000+00:00;gqWkGxjm5N4xB0Zc;scroll;359
141;2022-01-13 07:03:36.092000+00:00;gqWkGxjm5N4xB0Zc;scroll;360
142;2022-01-13 07:03:36.109000+00:00;gqWkGxjm5N4xB0Zc;scroll;361
143;2022-01-13 07:03:36.126000+00:00;gqWkGxjm5N4xB0Zc;scroll;362
144;2022-01-13 07:03:36.142000+00:00;gqWkGxjm5N4xB0Zc;scroll;363
145;2022-01-13 07:03:36.160000+00:00;gqWkGxjm5N4xB0Zc;scroll;364
146;2022-01-13 07:03:36.192000+00:00;gqWkGxjm5N4xB0Zc;scroll;365
147;2022-01-13 07:03:36.209000+00:00;gqWkGxjm5N4xB0Zc;scroll;366
148;2022-01-13 07:03:36.225000+00:00;gqWkGxjm5N4xB0Zc;scroll;367
149;2022-01-13 07:03:39.634000+00:00;gqWkGxjm5N4xB0Zc;scroll;368
150;2022-01-13 07:03:39.643000+00:00;gqWkGxjm5N4xB0Zc;scroll;371
151;2022-01-13 07:03:39.659000+00:00;gqWkGxjm5N4xB0Zc;scroll;377
152;2022-01-13 07:03:39.675000+00:00;gqWkGxjm5N4xB0Zc;scroll;385
153;2022-01-13 07:03:39.692000+00:00;gqWkGxjm5N4xB0Zc;scroll;395
154;2022-01-13 07:03:39.709000+00:00;gqWkGxjm5N4xB0Zc;scroll;407
155;2022-01-13 07:03:39.726000+00:00;gqWkGxjm5N4xB0Zc;scroll;418
156;2022-01-13 07:03:39.761000+00:00;gqWkGxjm5N4xB0Zc;scroll;431
157;2022-01-13 07:03:39.776000+00:00;gqWkGxjm5N4xB0Zc;scroll;447
158;2022-01-13 07:03:39.792000+00:00;gqWkGxjm5N4xB0Zc;scroll;464
159;2022-01-13 07:03:39.810000+00:00;gqWkGxjm5N4xB0Zc;scroll;481
160;2022-01-13 07:03:39.825000+00:00;gqWkGxjm5N4xB0Zc;scroll;498
161;2022-01-13 07:03:39.843000+00:00;gqWkGxjm5N4xB0Zc;scroll;514
162;2022-01-13 07:03:39.861000+00:00;gqWkGxjm5N4xB0Zc;scroll;530
163;2022-01-13 07:03:39.877000+00:00;gqWkGxjm5N4xB0Zc;scroll;547
164;2022-01-13 07:03:39.892000+00:00;gqWkGxjm5N4xB0Zc;scroll;563
165;2022-01-13 07:03:39.909000+00:00;gqWkGxjm5N4xB0Zc;scroll;577
166;2022-01-13 07:03:39.927000+00:00;gqWkGxjm5N4xB0Zc;scroll;590
167;2022-01-13 07:03:39.944000+00:00;gqWkGxjm5N4xB0Zc;scroll;602
168;2022-01-13 07:03:39.959000+00:00;gqWkGxjm5N4xB0Zc;scroll;613
169;2022-01-13 07:03:39.975000+00:00;gqWkGxjm5N4xB0Zc;scroll;623
170;2022-01-13 07:03:39.993000+00:00;gqWkGxjm5N4xB0Zc;scroll;632
171;2022-01-13 07:03:40.009000+00:00;gqWkGxjm5N4xB0Zc;scroll;641
172;2022-01-13 07:03:40.026000+00:00;gqWkGxjm5N4xB0Zc;scroll;649
173;2022-01-13 07:03:40.044000+00:00;gqWkGxjm5N4xB0Zc;scroll;656
174;2022-01-13 07:03:40.059000+00:00;gqWkGxjm5N4xB0Zc;scroll;663
175;2022-01-13 07:03:40.075000+00:00;gqWkGxjm5N4xB0Zc;scroll;669
176;2022-01-13 07:03:40.093000+00:00;gqWkGxjm5N4xB0Zc;scroll;675
177;2022-01-13 07:03:40.109000+00:00;gqWkGxjm5N4xB0Zc;scroll;680
178;2022-01-13 07:03:40.126000+00:00;gqWkGxjm5N4xB0Zc;scroll;685
179;2022-01-13 07:03:40.143000+00:00;gqWkGxjm5N4xB0Zc;scroll;690
180;2022-01-13 07:03:40.159000+00:00;gqWkGxjm5N4xB0Zc;scroll;694
181;2022-01-13 07:03:40.176000+00:00;gqWkGxjm5N4xB0Zc;scroll;698
182;2022-01-13 07:03:40.193000+00:00;gqWkGxjm5N4xB0Zc;scroll;702
183;2022-01-13 07:03:40.208000+00:00;gqWkGxjm5N4xB0Zc;scroll;705
184;2022-01-13 07:03:40.225000+00:00;gqWkGxjm5N4xB0Zc;scroll;708
185;2022-01-13 07:03:40.242000+00:00;gqWkGxjm5N4xB0Zc;scroll;711
186;2022-01-13 07:03:40.259000+00:00;gqWkGxjm5N4xB0Zc;scroll;714
187;2022-01-13 07:03:40.277000+00:00;gqWkGxjm5N4xB0Zc;scroll;716
188;2022-01-13 07:03:40.293000+00:00;gqWkGxjm5N4xB0Zc;scroll;718
189;2022-01-13 07:03:40.309000+00:00;gqWkGxjm5N4xB0Zc;scroll;720
190;2022-01-13 07:03:40.326000+00:00;gqWkGxjm5N4xB0Zc;scroll;722
191;2022-01-13 07:03:40.343000+00:00;gqWkGxjm5N4xB0Zc;scroll;723
192;2022-01-13 07:03:40.360000+00:00;gqWkGxjm5N4xB0Zc;scroll;724
193;2022-01-13 07:03:40.376000+00:00;gqWkGxjm5N4xB0Zc;scroll;725
194;2022-01-13 07:03:40.392000+00:00;gqWkGxjm5N4xB0Zc;scroll;726
195;2022-01-13 07:03:40.410000+00:00;gqWkGxjm5N4xB0Zc;scroll;727
196;2022-01-13 07:03:40.443000+00:00;gqWkGxjm5N4xB0Zc;scroll;728
197;2022-01-13 07:03:40.460000+00:00;gqWkGxjm5N4xB0Zc;scroll;729
198;2022-01-13 07:03:40.475000+00:00;gqWkGxjm5N4xB0Zc;scroll;730
199;2022-01-13 07:03:47.136000+00:00;gqWkGxjm5N4xB0Zc;scroll;731
200;2022-01-13 07:03:47.153000+00:00;gqWkGxjm5N4xB0Zc;scroll;736
201;2022-01-13 07:03:47.168000+00:00;gqWkGxjm5N4xB0Zc;scroll;742
202;2022-01-13 07:03:47.185000+00:00;gqWkGxjm5N4xB0Zc;scroll;748
203;2022-01-13 07:03:47.201000+00:00;gqWkGxjm5N4xB0Zc;scroll;755
204;2022-01-13 07:03:47.219000+00:00;gqWkGxjm5N4xB0Zc;scroll;757
205;2022-01-13 07:03:47.236000+00:00;gqWkGxjm5N4xB0Zc;scroll;765
206;2022-01-13 07:03:47.253000+00:00;gqWkGxjm5N4xB0Zc;scroll;769
207;2022-01-13 07:03:47.270000+00:00;gqWkGxjm5N4xB0Zc;scroll;771
208;2022-01-13 07:03:47.285000+00:00;gqWkGxjm5N4xB0Zc;scroll;775
209;2022-01-13 07:03:47.302000+00:00;gqWkGxjm5N4xB0Zc;scroll;779
210;2022-01-13 07:03:47.319000+00:00;gqWkGxjm5N4xB0Zc;scroll;784
211;2022-01-13 07:03:47.336000+00:00;gqWkGxjm5N4xB0Zc;scroll;789
212;2022-01-13 07:03:47.352000+00:00;gqWkGxjm5N4xB0Zc;scroll;794
213;2022-01-13 07:03:47.369000+00:00;gqWkGxjm5N4xB0Zc;scroll;798
214;2022-01-13 07:03:47.385000+00:00;gqWkGxjm5N4xB0Zc;scroll;803
215;2022-01-13 07:03:47.402000+00:00;gqWkGxjm5N4xB0Zc;scroll;808
216;2022-01-13 07:03:47.418000+00:00;gqWkGxjm5N4xB0Zc;scroll;812
217;2022-01-13 07:03:47.436000+00:00;gqWkGxjm5N4xB0Zc;scroll;816
218;2022-01-13 07:03:47.453000+00:00;gqWkGxjm5N4xB0Zc;scroll;820
219;2022-01-13 07:03:47.470000+00:00;gqWkGxjm5N4xB0Zc;scroll;823
220;2022-01-13 07:03:47.486000+00:00;gqWkGxjm5N4xB0Zc;scroll;826
221;2022-01-13 07:03:47.501000+00:00;gqWkGxjm5N4xB0Zc;scroll;829
222;2022-01-13 07:03:47.520000+00:00;gqWkGxjm5N4xB0Zc;scroll;831
223;2022-01-13 07:03:47.536000+00:00;gqWkGxjm5N4xB0Zc;scroll;833
224;2022-01-13 07:03:47.552000+00:00;gqWkGxjm5N4xB0Zc;scroll;835
225;2022-01-13 07:03:47.569000+00:00;gqWkGxjm5N4xB0Zc;scroll;837
226;2022-01-13 07:03:47.586000+00:00;gqWkGxjm5N4xB0Zc;scroll;839
227;2022-01-13 07:03:47.602000+00:00;gqWkGxjm5N4xB0Zc;scroll;840
228;2022-01-13 07:03:47.619000+00:00;gqWkGxjm5N4xB0Zc;scroll;841
229;2022-01-13 07:03:47.636000+00:00;gqWkGxjm5N4xB0Zc;scroll;842
230;2022-01-13 07:03:47.653000+00:00;gqWkGxjm5N4xB0Zc;scroll;843
231;2022-01-13 07:03:47.670000+00:00;gqWkGxjm5N4xB0Zc;scroll;844
232;2022-01-13 07:03:47.702000+00:00;gqWkGxjm5N4xB0Zc;scroll;845
233;2022-01-13 07:03:47.719000+00:00;gqWkGxjm5N4xB0Zc;scroll;846
234;2022-01-13 07:03:47.735000+00:00;gqWkGxjm5N4xB0Zc;scroll;847
235;2022-01-13 07:03:51.007000+00:00;gqWkGxjm5N4xB0Zc;scroll;848
236;2022-01-13 07:03:51.019000+00:00;gqWkGxjm5N4xB0Zc;scroll;850
237;2022-01-13 07:03:51.030000+00:00;gqWkGxjm5N4xB0Zc;scroll;853
238;2022-01-13 07:03:51.047000+00:00;gqWkGxjm5N4xB0Zc;scroll;862
239;2022-01-13 07:03:51.063000+00:00;gqWkGxjm5N4xB0Zc;scroll;870
240;2022-01-13 07:03:51.080000+00:00;gqWkGxjm5N4xB0Zc;scroll;878
241;2022-01-13 07:03:51.097000+00:00;gqWkGxjm5N4xB0Zc;scroll;886
242;2022-01-13 07:03:51.114000+00:00;gqWkGxjm5N4xB0Zc;scroll;894
243;2022-01-13 07:03:51.131000+00:00;gqWkGxjm5N4xB0Zc;scroll;899
244;2022-01-13 07:03:51.147000+00:00;gqWkGxjm5N4xB0Zc;scroll;904
245;2022-01-13 07:03:51.164000+00:00;gqWkGxjm5N4xB0Zc;scroll;906
246;2022-01-13 07:03:51.180000+00:00;gqWkGxjm5N4xB0Zc;scroll;911
247;2022-01-13 07:03:51.196000+00:00;gqWkGxjm5N4xB0Zc;scroll;917
248;2022-01-13 07:03:51.213000+00:00;gqWkGxjm5N4xB0Zc;scroll;923
249;2022-01-13 07:03:51.230000+00:00;gqWkGxjm5N4xB0Zc;scroll;929
250;2022-01-13 07:03:51.247000+00:00;gqWkGxjm5N4xB0Zc;scroll;935
251;2022-01-13 07:03:51.264000+00:00;gqWkGxjm5N4xB0Zc;scroll;941
252;2022-01-13 07:03:51.280000+00:00;gqWkGxjm5N4xB0Zc;scroll;946
253;2022-01-13 07:03:51.297000+00:00;gqWkGxjm5N4xB0Zc;scroll;952
254;2022-01-13 07:03:51.313000+00:00;gqWkGxjm5N4xB0Zc;scroll;957
255;2022-01-13 07:03:51.330000+00:00;gqWkGxjm5N4xB0Zc;scroll;962
256;2022-01-13 07:03:51.347000+00:00;gqWkGxjm5N4xB0Zc;scroll;967
257;2022-01-13 07:03:51.363000+00:00;gqWkGxjm5N4xB0Zc;scroll;971
258;2022-01-13 07:03:51.381000+00:00;gqWkGxjm5N4xB0Zc;scroll;975
259;2022-01-13 07:03:51.397000+00:00;gqWkGxjm5N4xB0Zc;scroll;979
260;2022-01-13 07:03:51.413000+00:00;gqWkGxjm5N4xB0Zc;scroll;982
261;2022-01-13 07:03:51.430000+00:00;gqWkGxjm5N4xB0Zc;scroll;985
262;2022-01-13 07:03:51.447000+00:00;gqWkGxjm5N4xB0Zc;scroll;988
263;2022-01-13 07:03:51.463000+00:00;gqWkGxjm5N4xB0Zc;scroll;990
264;2022-01-13 07:03:51.481000+00:00;gqWkGxjm5N4xB0Zc;scroll;992
265;2022-01-13 07:03:51.497000+00:00;gqWkGxjm5N4xB0Zc;scroll;994
266;2022-01-13 07:03:51.514000+00:00;gqWkGxjm5N4xB0Zc;scroll;996
267;2022-01-13 07:03:51.531000+00:00;gqWkGxjm5N4xB0Zc;scroll;998
268;2022-01-13 07:03:51.547000+00:00;gqWkGxjm5N4xB0Zc;scroll;999
269;2022-01-13 07:03:51.564000+00:00;gqWkGxjm5N4xB0Zc;scroll;1000
270;2022-01-13 07:03:51.581000+00:00;gqWkGxjm5N4xB0Zc;scroll;1001
271;2022-01-13 07:03:51.596000+00:00;gqWkGxjm5N4xB0Zc;scroll;1002
272;2022-01-13 07:03:51.613000+00:00;gqWkGxjm5N4xB0Zc;scroll;1003
273;2022-01-13 07:03:51.647000+00:00;gqWkGxjm5N4xB0Zc;scroll;1004
274;2022-01-13 07:03:51.664000+00:00;gqWkGxjm5N4xB0Zc;scroll;1005
275;2022-01-13 07:03:51.680000+00:00;gqWkGxjm5N4xB0Zc;scroll;1006
276;2022-01-13 07:03:54.366000+00:00;gqWkGxjm5N4xB0Zc;scroll;1007
277;2022-01-13 07:03:54.379000+00:00;gqWkGxjm5N4xB0Zc;scroll;1012
278;2022-01-13 07:03:54.397000+00:00;gqWkGxjm5N4xB0Zc;scroll;1016
279;2022-01-13 07:03:54.413000+00:00;gqWkGxjm5N4xB0Zc;scroll;1018
280;2022-01-13 07:03:54.430000+00:00;gqWkGxjm5N4xB0Zc;scroll;1022
281;2022-01-13 07:03:54.446000+00:00;gqWkGxjm5N4xB0Zc;scroll;1028
282;2022-01-13 07:03:54.480000+00:00;gqWkGxjm5N4xB0Zc;scroll;1031
283;2022-01-13 07:03:54.497000+00:00;gqWkGxjm5N4xB0Zc;scroll;1035
284;2022-01-13 07:03:54.514000+00:00;gqWkGxjm5N4xB0Zc;scroll;1039
285;2022-01-13 07:03:54.530000+00:00;gqWkGxjm5N4xB0Zc;scroll;1043
286;2022-01-13 07:03:54.546000+00:00;gqWkGxjm5N4xB0Zc;scroll;1047
287;2022-01-13 07:03:54.563000+00:00;gqWkGxjm5N4xB0Zc;scroll;1050
288;2022-01-13 07:03:54.580000+00:00;gqWkGxjm5N4xB0Zc;scroll;1053
289;2022-01-13 07:03:54.597000+00:00;gqWkGxjm5N4xB0Zc;scroll;1056
290;2022-01-13 07:03:54.613000+00:00;gqWkGxjm5N4xB0Zc;scroll;1059
291;2022-01-13 07:03:54.630000+00:00;gqWkGxjm5N4xB0Zc;scroll;1062
292;2022-01-13 07:03:54.646000+00:00;gqWkGxjm5N4xB0Zc;scroll;1065
293;2022-01-13 07:03:54.663000+00:00;gqWkGxjm5N4xB0Zc;scroll;1067
294;2022-01-13 07:03:54.680000+00:00;gqWkGxjm5N4xB0Zc;scroll;1069
295;2022-01-13 07:03:54.696000+00:00;gqWkGxjm5N4xB0Zc;scroll;1071
296;2022-01-13 07:03:54.713000+00:00;gqWkGxjm5N4xB0Zc;scroll;1073
297;2022-01-13 07:03:54.730000+00:00;gqWkGxjm5N4xB0Zc;scroll;1074
298;2022-01-13 07:03:54.747000+00:00;gqWkGxjm5N4xB0Zc;scroll;1075
299;2022-01-13 07:03:54.763000+00:00;gqWkGxjm5N4xB0Zc;scroll;1076
300;2022-01-13 07:03:54.780000+00:00;gqWkGxjm5N4xB0Zc;scroll;1077
301;2022-01-13 07:03:54.797000+00:00;gqWkGxjm5N4xB0Zc;scroll;1078
302;2022-01-13 07:03:54.813000+00:00;gqWkGxjm5N4xB0Zc;scroll;1079
303;2022-01-13 07:03:54.847000+00:00;gqWkGxjm5N4xB0Zc;scroll;1080
304;2022-01-13 07:03:54.863000+00:00;gqWkGxjm5N4xB0Zc;scroll;1081
305;2022-01-13 07:03:54.897000+00:00;gqWkGxjm5N4xB0Zc;scroll;1082
306;2022-01-13 07:04:01.754000+00:00;gqWkGxjm5N4xB0Zc;scroll;1084
307;2022-01-13 07:04:01.760000+00:00;gqWkGxjm5N4xB0Zc;scroll;1087
308;2022-01-13 07:04:01.777000+00:00;gqWkGxjm5N4xB0Zc;scroll;1093
309;2022-01-13 07:04:01.792000+00:00;gqWkGxjm5N4xB0Zc;scroll;1101
310;2022-01-13 07:04:01.810000+00:00;gqWkGxjm5N4xB0Zc;scroll;1107
311;2022-01-13 07:04:01.827000+00:00;gqWkGxjm5N4xB0Zc;scroll;1113
312;2022-01-13 07:04:01.844000+00:00;gqWkGxjm5N4xB0Zc;scroll;1119
313;2022-01-13 07:04:01.860000+00:00;gqWkGxjm5N4xB0Zc;scroll;1124
314;2022-01-13 07:04:01.877000+00:00;gqWkGxjm5N4xB0Zc;scroll;1128
315;2022-01-13 07:04:01.894000+00:00;gqWkGxjm5N4xB0Zc;scroll;1130
316;2022-01-13 07:04:01.910000+00:00;gqWkGxjm5N4xB0Zc;scroll;1134
317;2022-01-13 07:04:01.926000+00:00;gqWkGxjm5N4xB0Zc;scroll;1139
318;2022-01-13 07:04:01.943000+00:00;gqWkGxjm5N4xB0Zc;scroll;1144
319;2022-01-13 07:04:01.960000+00:00;gqWkGxjm5N4xB0Zc;scroll;1149
320;2022-01-13 07:04:01.977000+00:00;gqWkGxjm5N4xB0Zc;scroll;1154
321;2022-01-13 07:04:01.993000+00:00;gqWkGxjm5N4xB0Zc;scroll;1158
322;2022-01-13 07:04:02.010000+00:00;gqWkGxjm5N4xB0Zc;scroll;1163
323;2022-01-13 07:04:02.026000+00:00;gqWkGxjm5N4xB0Zc;scroll;1168
324;2022-01-13 07:04:02.045000+00:00;gqWkGxjm5N4xB0Zc;scroll;1172
325;2022-01-13 07:04:02.061000+00:00;gqWkGxjm5N4xB0Zc;scroll;1176
326;2022-01-13 07:04:02.077000+00:00;gqWkGxjm5N4xB0Zc;scroll;1180
327;2022-01-13 07:04:02.094000+00:00;gqWkGxjm5N4xB0Zc;scroll;1183
328;2022-01-13 07:04:02.110000+00:00;gqWkGxjm5N4xB0Zc;scroll;1186
329;2022-01-13 07:04:02.127000+00:00;gqWkGxjm5N4xB0Zc;scroll;1189
330;2022-01-13 07:04:02.143000+00:00;gqWkGxjm5N4xB0Zc;scroll;1191
331;2022-01-13 07:04:02.161000+00:00;gqWkGxjm5N4xB0Zc;scroll;1193
332;2022-01-13 07:04:02.177000+00:00;gqWkGxjm5N4xB0Zc;scroll;1195
333;2022-01-13 07:04:02.193000+00:00;gqWkGxjm5N4xB0Zc;scroll;1197
334;2022-01-13 07:04:02.210000+00:00;gqWkGxjm5N4xB0Zc;scroll;1199
335;2022-01-13 07:04:02.227000+00:00;gqWkGxjm5N4xB0Zc;scroll;1200
336;2022-01-13 07:04:02.243000+00:00;gqWkGxjm5N4xB0Zc;scroll;1201
337;2022-01-13 07:04:02.260000+00:00;gqWkGxjm5N4xB0Zc;scroll;1202
338;2022-01-13 07:04:02.278000+00:00;gqWkGxjm5N4xB0Zc;scroll;1203
339;2022-01-13 07:04:02.294000+00:00;gqWkGxjm5N4xB0Zc;scroll;1204
340;2022-01-13 07:04:02.328000+00:00;gqWkGxjm5N4xB0Zc;scroll;1205
341;2022-01-13 07:04:02.344000+00:00;gqWkGxjm5N4xB0Zc;scroll;1206
342;2022-01-13 07:04:02.361000+00:00;gqWkGxjm5N4xB0Zc;scroll;1207
343;2022-01-13 07:04:02.562000+00:00;gqWkGxjm5N4xB0Zc;scroll;1208
344;2022-01-13 07:04:02.577000+00:00;gqWkGxjm5N4xB0Zc;scroll;1213
345;2022-01-13 07:04:02.593000+00:00;gqWkGxjm5N4xB0Zc;scroll;1219
346;2022-01-13 07:04:02.610000+00:00;gqWkGxjm5N4xB0Zc;scroll;1226
347;2022-01-13 07:04:02.627000+00:00;gqWkGxjm5N4xB0Zc;scroll;1233
348;2022-01-13 07:04:02.644000+00:00;gqWkGxjm5N4xB0Zc;scroll;1239
349;2022-01-13 07:04:02.659000+00:00;gqWkGxjm5N4xB0Zc;scroll;1243
350;2022-01-13 07:04:02.676000+00:00;gqWkGxjm5N4xB0Zc;scroll;1246
351;2022-01-13 07:04:02.693000+00:00;gqWkGxjm5N4xB0Zc;scroll;1248
352;2022-01-13 07:04:02.710000+00:00;gqWkGxjm5N4xB0Zc;scroll;1250
353;2022-01-13 07:04:03.460000+00:00;gqWkGxjm5N4xB0Zc;scroll;1253
354;2022-01-13 07:04:03.477000+00:00;gqWkGxjm5N4xB0Zc;scroll;1259
355;2022-01-13 07:04:03.494000+00:00;gqWkGxjm5N4xB0Zc;scroll;1265
356;2022-01-13 07:04:03.510000+00:00;gqWkGxjm5N4xB0Zc;scroll;1271
357;2022-01-13 07:04:03.526000+00:00;gqWkGxjm5N4xB0Zc;scroll;1273
358;2022-01-13 07:04:03.543000+00:00;gqWkGxjm5N4xB0Zc;scroll;1278
359;2022-01-13 07:04:03.559000+00:00;gqWkGxjm5N4xB0Zc;scroll;1284
360;2022-01-13 07:04:03.577000+00:00;gqWkGxjm5N4xB0Zc;scroll;1290
361;2022-01-13 07:04:03.593000+00:00;gqWkGxjm5N4xB0Zc;scroll;1296
362;2022-01-13 07:04:03.611000+00:00;gqWkGxjm5N4xB0Zc;scroll;1302
363;2022-01-13 07:04:03.627000+00:00;gqWkGxjm5N4xB0Zc;scroll;1308
364;2022-01-13 07:04:03.644000+00:00;gqWkGxjm5N4xB0Zc;scroll;1313
365;2022-01-13 07:04:03.660000+00:00;gqWkGxjm5N4xB0Zc;scroll;1319
366;2022-01-13 07:04:03.677000+00:00;gqWkGxjm5N4xB0Zc;scroll;1324
367;2022-01-13 07:04:03.694000+00:00;gqWkGxjm5N4xB0Zc;scroll;1329
368;2022-01-13 07:04:03.710000+00:00;gqWkGxjm5N4xB0Zc;scroll;1334
369;2022-01-13 07:04:03.727000+00:00;gqWkGxjm5N4xB0Zc;scroll;1338
370;2022-01-13 07:04:03.744000+00:00;gqWkGxjm5N4xB0Zc;scroll;1342
371;2022-01-13 07:04:03.760000+00:00;gqWkGxjm5N4xB0Zc;scroll;1346
372;2022-01-13 07:04:18.636000+00:00;gqWkGxjm5N4xB0Zc;scroll;0
373;2022-01-13 07:04:20.575000+00:00;gqWkGxjm5N4xB0Zc;scroll;1
374;2022-01-13 07:04:20.591000+00:00;gqWkGxjm5N4xB0Zc;scroll;5
375;2022-01-13 07:04:20.608000+00:00;gqWkGxjm5N4xB0Zc;scroll;11
376;2022-01-13 07:04:20.625000+00:00;gqWkGxjm5N4xB0Zc;scroll;19
377;2022-01-13 07:04:20.647000+00:00;gqWkGxjm5N4xB0Zc;scroll;36
378;2022-01-13 07:04:20.664000+00:00;gqWkGxjm5N4xB0Zc;scroll;47
379;2022-01-13 07:04:20.680000+00:00;gqWkGxjm5N4xB0Zc;scroll;58
380;2022-01-13 07:04:20.697000+00:00;gqWkGxjm5N4xB0Zc;scroll;65
381;2022-01-13 07:04:20.714000+00:00;gqWkGxjm5N4xB0Zc;scroll;79
382;2022-01-13 07:04:20.731000+00:00;gqWkGxjm5N4xB0Zc;scroll;97
383;2022-01-13 07:04:20.747000+00:00;gqWkGxjm5N4xB0Zc;scroll;116
384;2022-01-13 07:04:20.764000+00:00;gqWkGxjm5N4xB0Zc;scroll;135
385;2022-01-13 07:04:20.781000+00:00;gqWkGxjm5N4xB0Zc;scroll;154
386;2022-01-13 07:04:20.797000+00:00;gqWkGxjm5N4xB0Zc;scroll;173
387;2022-01-13 07:04:20.814000+00:00;gqWkGxjm5N4xB0Zc;scroll;191
388;2022-01-13 07:04:20.831000+00:00;gqWkGxjm5N4xB0Zc;scroll;210
389;2022-01-13 07:04:20.847000+00:00;gqWkGxjm5N4xB0Zc;scroll;227
390;2022-01-13 07:04:20.864000+00:00;gqWkGxjm5N4xB0Zc;scroll;243
391;2022-01-13 07:04:20.881000+00:00;gqWkGxjm5N4xB0Zc;scroll;257
392;2022-01-13 07:04:20.898000+00:00;gqWkGxjm5N4xB0Zc;scroll;271
393;2022-01-13 07:04:20.914000+00:00;gqWkGxjm5N4xB0Zc;scroll;284
394;2022-01-13 07:04:20.930000+00:00;gqWkGxjm5N4xB0Zc;scroll;296
395;2022-01-13 07:04:20.948000+00:00;gqWkGxjm5N4xB0Zc;scroll;306
396;2022-01-13 07:04:20.964000+00:00;gqWkGxjm5N4xB0Zc;scroll;315
397;2022-01-13 07:04:20.980000+00:00;gqWkGxjm5N4xB0Zc;scroll;324
398;2022-01-13 07:04:20.998000+00:00;gqWkGxjm5N4xB0Zc;scroll;332
399;2022-01-13 07:04:21.014000+00:00;gqWkGxjm5N4xB0Zc;scroll;339
400;2022-01-13 07:04:21.030000+00:00;gqWkGxjm5N4xB0Zc;scroll;346
401;2022-01-13 07:04:21.047000+00:00;gqWkGxjm5N4xB0Zc;scroll;352
402;2022-01-13 07:04:21.064000+00:00;gqWkGxjm5N4xB0Zc;scroll;358
403;2022-01-13 07:04:21.080000+00:00;gqWkGxjm5N4xB0Zc;scroll;363
404;2022-01-13 07:04:21.097000+00:00;gqWkGxjm5N4xB0Zc;scroll;368
405;2022-01-13 07:04:21.114000+00:00;gqWkGxjm5N4xB0Zc;scroll;373
406;2022-01-13 07:04:21.131000+00:00;gqWkGxjm5N4xB0Zc;scroll;377
407;2022-01-13 07:04:21.148000+00:00;gqWkGxjm5N4xB0Zc;scroll;381
408;2022-01-13 07:04:21.165000+00:00;gqWkGxjm5N4xB0Zc;scroll;385
409;2022-01-13 07:04:21.180000+00:00;gqWkGxjm5N4xB0Zc;scroll;388
410;2022-01-13 07:04:21.198000+00:00;gqWkGxjm5N4xB0Zc;scroll;391
411;2022-01-13 07:04:21.214000+00:00;gqWkGxjm5N4xB0Zc;scroll;394
412;2022-01-13 07:04:21.231000+00:00;gqWkGxjm5N4xB0Zc;scroll;397
413;2022-01-13 07:04:21.247000+00:00;gqWkGxjm5N4xB0Zc;scroll;399
414;2022-01-13 07:04:21.264000+00:00;gqWkGxjm5N4xB0Zc;scroll;401
415;2022-01-13 07:04:21.281000+00:00;gqWkGxjm5N4xB0Zc;scroll;403
416;2022-01-13 07:04:21.297000+00:00;gqWkGxjm5N4xB0Zc;scroll;405
417;2022-01-13 07:04:21.314000+00:00;gqWkGxjm5N4xB0Zc;scroll;406
418;2022-01-13 07:04:21.330000+00:00;gqWkGxjm5N4xB0Zc;scroll;407
419;2022-01-13 07:04:21.363000+00:00;gqWkGxjm5N4xB0Zc;scroll;408
420;2022-01-13 07:04:21.381000+00:00;gqWkGxjm5N4xB0Zc;scroll;422
421;2022-01-13 07:04:21.397000+00:00;gqWkGxjm5N4xB0Zc;scroll;438
422;2022-01-13 07:04:21.414000+00:00;gqWkGxjm5N4xB0Zc;scroll;462
423;2022-01-13 07:04:21.430000+00:00;gqWkGxjm5N4xB0Zc;scroll;491
424;2022-01-13 07:04:21.447000+00:00;gqWkGxjm5N4xB0Zc;scroll;506
425;2022-01-13 07:04:21.464000+00:00;gqWkGxjm5N4xB0Zc;scroll;538
426;2022-01-13 07:04:21.481000+00:00;gqWkGxjm5N4xB0Zc;scroll;582
427;2022-01-13 07:04:21.497000+00:00;gqWkGxjm5N4xB0Zc;scroll;630
428;2022-01-13 07:04:21.514000+00:00;gqWkGxjm5N4xB0Zc;scroll;679
429;2022-01-13 07:04:21.530000+00:00;gqWkGxjm5N4xB0Zc;scroll;728
430;2022-01-13 07:04:21.547000+00:00;gqWkGxjm5N4xB0Zc;scroll;774
431;2022-01-13 07:04:21.564000+00:00;gqWkGxjm5N4xB0Zc;scroll;818
432;2022-01-13 07:04:21.581000+00:00;gqWkGxjm5N4xB0Zc;scroll;866
433;2022-01-13 07:04:21.598000+00:00;gqWkGxjm5N4xB0Zc;scroll;911
434;2022-01-13 07:04:21.614000+00:00;gqWkGxjm5N4xB0Zc;scroll;952
435;2022-01-13 07:04:21.631000+00:00;gqWkGxjm5N4xB0Zc;scroll;990
436;2022-01-13 07:04:21.647000+00:00;gqWkGxjm5N4xB0Zc;scroll;1025
437;2022-01-13 07:04:21.663000+00:00;gqWkGxjm5N4xB0Zc;scroll;1057
438;2022-01-13 07:04:21.680000+00:00;gqWkGxjm5N4xB0Zc;scroll;1087
439;2022-01-13 07:04:21.697000+00:00;gqWkGxjm5N4xB0Zc;scroll;1114
440;2022-01-13 07:04:21.714000+00:00;gqWkGxjm5N4xB0Zc;scroll;1138
441;2022-01-13 07:04:21.731000+00:00;gqWkGxjm5N4xB0Zc;scroll;1160
442;2022-01-13 07:04:21.748000+00:00;gqWkGxjm5N4xB0Zc;scroll;1180
443;2022-01-13 07:04:21.763000+00:00;gqWkGxjm5N4xB0Zc;scroll;1199
444;2022-01-13 07:04:21.781000+00:00;gqWkGxjm5N4xB0Zc;scroll;1216
445;2022-01-13 07:04:21.798000+00:00;gqWkGxjm5N4xB0Zc;scroll;1232
446;2022-01-13 07:04:21.813000+00:00;gqWkGxjm5N4xB0Zc;scroll;1246
447;2022-01-13 07:04:21.830000+00:00;gqWkGxjm5N4xB0Zc;scroll;1259
448;2022-01-13 07:04:21.847000+00:00;gqWkGxjm5N4xB0Zc;scroll;1271
449;2022-01-13 07:04:21.864000+00:00;gqWkGxjm5N4xB0Zc;scroll;1282
450;2022-01-13 07:04:21.881000+00:00;gqWkGxjm5N4xB0Zc;scroll;1292
451;2022-01-13 07:04:21.897000+00:00;gqWkGxjm5N4xB0Zc;scroll;1301
452;2022-01-13 07:04:21.914000+00:00;gqWkGxjm5N4xB0Zc;scroll;1309
453;2022-01-13 07:04:21.932000+00:00;gqWkGxjm5N4xB0Zc;scroll;1317
454;2022-01-13 07:04:21.947000+00:00;gqWkGxjm5N4xB0Zc;scroll;1324
455;2022-01-13 07:04:21.964000+00:00;gqWkGxjm5N4xB0Zc;scroll;1331
456;2022-01-13 07:04:21.981000+00:00;gqWkGxjm5N4xB0Zc;scroll;1337
457;2022-01-13 07:04:21.996000+00:00;gqWkGxjm5N4xB0Zc;scroll;1343
458;2022-01-13 07:04:22.013000+00:00;gqWkGxjm5N4xB0Zc;scroll;1348
459;2022-01-13 07:04:22.030000+00:00;gqWkGxjm5N4xB0Zc;scroll;1353
460;2022-01-13 07:04:22.048000+00:00;gqWkGxjm5N4xB0Zc;scroll;1358
461;2022-01-13 07:04:22.064000+00:00;gqWkGxjm5N4xB0Zc;scroll;1362
462;2022-01-13 07:04:22.080000+00:00;gqWkGxjm5N4xB0Zc;scroll;1366
463;2022-01-13 07:04:22.097000+00:00;gqWkGxjm5N4xB0Zc;scroll;1370
464;2022-01-13 07:04:22.114000+00:00;gqWkGxjm5N4xB0Zc;scroll;1373
465;2022-01-13 07:04:22.131000+00:00;gqWkGxjm5N4xB0Zc;scroll;1376
466;2022-01-13 07:04:22.148000+00:00;gqWkGxjm5N4xB0Zc;scroll;1379
467;2022-01-13 07:04:22.164000+00:00;gqWkGxjm5N4xB0Zc;scroll;1381
468;2022-01-13 07:04:22.180000+00:00;gqWkGxjm5N4xB0Zc;scroll;1383
469;2022-01-13 07:04:22.197000+00:00;gqWkGxjm5N4xB0Zc;scroll;1385
470;2022-01-13 07:04:22.214000+00:00;gqWkGxjm5N4xB0Zc;scroll;1387
471;2022-01-13 07:04:22.230000+00:00;gqWkGxjm5N4xB0Zc;scroll;1389
472;2022-01-13 07:04:22.248000+00:00;gqWkGxjm5N4xB0Zc;scroll;1390
473;2022-01-13 07:04:22.264000+00:00;gqWkGxjm5N4xB0Zc;scroll;1391
474;2022-01-13 07:04:22.280000+00:00;gqWkGxjm5N4xB0Zc;scroll;1392
475;2022-01-13 07:04:22.296000+00:00;gqWkGxjm5N4xB0Zc;scroll;1393
476;2022-01-13 07:04:22.314000+00:00;gqWkGxjm5N4xB0Zc;scroll;1394
477;2022-01-13 07:04:22.348000+00:00;gqWkGxjm5N4xB0Zc;scroll;1395
478;2022-01-13 07:04:22.363000+00:00;gqWkGxjm5N4xB0Zc;scroll;1416
479;2022-01-13 07:04:22.380000+00:00;gqWkGxjm5N4xB0Zc;scroll;1434
480;2022-01-13 07:04:22.397000+00:00;gqWkGxjm5N4xB0Zc;scroll;1460
481;2022-01-13 07:04:22.431000+00:00;gqWkGxjm5N4xB0Zc;scroll;1491
482;2022-01-13 07:04:22.447000+00:00;gqWkGxjm5N4xB0Zc;scroll;1533
483;2022-01-13 07:04:22.463000+00:00;gqWkGxjm5N4xB0Zc;scroll;1578
484;2022-01-13 07:04:22.481000+00:00;gqWkGxjm5N4xB0Zc;scroll;1624
485;2022-01-13 07:04:22.498000+00:00;gqWkGxjm5N4xB0Zc;scroll;1670
486;2022-01-13 07:04:22.514000+00:00;gqWkGxjm5N4xB0Zc;scroll;1714
487;2022-01-13 07:04:22.530000+00:00;gqWkGxjm5N4xB0Zc;scroll;1756
488;2022-01-13 07:04:22.548000+00:00;gqWkGxjm5N4xB0Zc;scroll;1801
489;2022-01-13 07:04:22.563000+00:00;gqWkGxjm5N4xB0Zc;scroll;1842
490;2022-01-13 07:04:22.581000+00:00;gqWkGxjm5N4xB0Zc;scroll;1881
491;2022-01-13 07:04:22.598000+00:00;gqWkGxjm5N4xB0Zc;scroll;1916
492;2022-01-13 07:04:22.614000+00:00;gqWkGxjm5N4xB0Zc;scroll;1949
493;2022-01-13 07:04:22.630000+00:00;gqWkGxjm5N4xB0Zc;scroll;1979
494;2022-01-13 07:04:22.646000+00:00;gqWkGxjm5N4xB0Zc;scroll;2007
495;2022-01-13 07:04:22.664000+00:00;gqWkGxjm5N4xB0Zc;scroll;2033
496;2022-01-13 07:04:22.680000+00:00;gqWkGxjm5N4xB0Zc;scroll;2055
497;2022-01-13 07:04:22.697000+00:00;gqWkGxjm5N4xB0Zc;scroll;2076
498;2022-01-13 07:04:22.713000+00:00;gqWkGxjm5N4xB0Zc;scroll;2095
499;2022-01-13 07:04:22.730000+00:00;gqWkGxjm5N4xB0Zc;scroll;2112
500;2022-01-13 07:04:22.748000+00:00;gqWkGxjm5N4xB0Zc;scroll;2128
501;2022-01-13 07:04:22.763000+00:00;gqWkGxjm5N4xB0Zc;scroll;2142
502;2022-01-13 07:04:22.780000+00:00;gqWkGxjm5N4xB0Zc;scroll;2155
503;2022-01-13 07:04:22.797000+00:00;gqWkGxjm5N4xB0Zc;scroll;2167
504;2022-01-13 07:04:22.814000+00:00;gqWkGxjm5N4xB0Zc;scroll;2178
505;2022-01-13 07:04:22.830000+00:00;gqWkGxjm5N4xB0Zc;scroll;2188
506;2022-01-13 07:04:22.847000+00:00;gqWkGxjm5N4xB0Zc;scroll;2197
507;2022-01-13 07:04:22.864000+00:00;gqWkGxjm5N4xB0Zc;scroll;2206
508;2022-01-13 07:04:22.881000+00:00;gqWkGxjm5N4xB0Zc;scroll;2214
509;2022-01-13 07:04:22.897000+00:00;gqWkGxjm5N4xB0Zc;scroll;2221
510;2022-01-13 07:04:22.914000+00:00;gqWkGxjm5N4xB0Zc;scroll;2228
511;2022-01-13 07:04:22.930000+00:00;gqWkGxjm5N4xB0Zc;scroll;2234
512;2022-01-13 07:04:22.948000+00:00;gqWkGxjm5N4xB0Zc;scroll;2240
513;2022-01-13 07:04:22.964000+00:00;gqWkGxjm5N4xB0Zc;scroll;2245
514;2022-01-13 07:04:22.981000+00:00;gqWkGxjm5N4xB0Zc;scroll;2250
515;2022-01-13 07:04:22.998000+00:00;gqWkGxjm5N4xB0Zc;scroll;2255
516;2022-01-13 07:04:23.014000+00:00;gqWkGxjm5N4xB0Zc;scroll;2259
517;2022-01-13 07:04:23.030000+00:00;gqWkGxjm5N4xB0Zc;scroll;2263
518;2022-01-13 07:04:23.048000+00:00;gqWkGxjm5N4xB0Zc;scroll;2267
519;2022-01-13 07:04:23.064000+00:00;gqWkGxjm5N4xB0Zc;scroll;2270
520;2022-01-13 07:04:23.080000+00:00;gqWkGxjm5N4xB0Zc;scroll;2273
521;2022-01-13 07:04:23.097000+00:00;gqWkGxjm5N4xB0Zc;scroll;2276
522;2022-01-13 07:04:23.114000+00:00;gqWkGxjm5N4xB0Zc;scroll;2279
523;2022-01-13 07:04:23.131000+00:00;gqWkGxjm5N4xB0Zc;scroll;2281
524;2022-01-13 07:04:23.164000+00:00;gqWkGxjm5N4xB0Zc;scroll;2287
525;2022-01-13 07:04:23.180000+00:00;gqWkGxjm5N4xB0Zc;scroll;2306
526;2022-01-13 07:04:23.197000+00:00;gqWkGxjm5N4xB0Zc;scroll;2338
527;2022-01-13 07:04:23.214000+00:00;gqWkGxjm5N4xB0Zc;scroll;2408
528;2022-01-13 07:04:23.247000+00:00;gqWkGxjm5N4xB0Zc;scroll;2496
529;2022-01-13 07:04:23.264000+00:00;gqWkGxjm5N4xB0Zc;scroll;2610
530;2022-01-13 07:04:23.280000+00:00;gqWkGxjm5N4xB0Zc;scroll;2727
531;2022-01-13 07:04:23.297000+00:00;gqWkGxjm5N4xB0Zc;scroll;2842
532;2022-01-13 07:04:23.314000+00:00;gqWkGxjm5N4xB0Zc;scroll;2953
533;2022-01-13 07:04:23.330000+00:00;gqWkGxjm5N4xB0Zc;scroll;3058
534;2022-01-13 07:04:23.347000+00:00;gqWkGxjm5N4xB0Zc;scroll;3158
535;2022-01-13 07:04:23.364000+00:00;gqWkGxjm5N4xB0Zc;scroll;3254
536;2022-01-13 07:04:23.381000+00:00;gqWkGxjm5N4xB0Zc;scroll;3346
537;2022-01-13 07:04:23.397000+00:00;gqWkGxjm5N4xB0Zc;scroll;3433
538;2022-01-13 07:04:23.413000+00:00;gqWkGxjm5N4xB0Zc;scroll;3515
539;2022-01-13 07:04:23.431000+00:00;gqWkGxjm5N4xB0Zc;scroll;3574
540;2022-01-13 07:04:25.279000+00:00;gqWkGxjm5N4xB0Zc;scroll;3573
541;2022-01-13 07:04:25.297000+00:00;gqWkGxjm5N4xB0Zc;scroll;3561
542;2022-01-13 07:04:25.314000+00:00;gqWkGxjm5N4xB0Zc;scroll;3525
543;2022-01-13 07:04:25.332000+00:00;gqWkGxjm5N4xB0Zc;scroll;3435
544;2022-01-13 07:04:25.347000+00:00;gqWkGxjm5N4xB0Zc;scroll;3317
545;2022-01-13 07:04:25.380000+00:00;gqWkGxjm5N4xB0Zc;scroll;3184
546;2022-01-13 07:04:25.398000+00:00;gqWkGxjm5N4xB0Zc;scroll;3023
547;2022-01-13 07:04:25.414000+00:00;gqWkGxjm5N4xB0Zc;scroll;2861
548;2022-01-13 07:04:25.430000+00:00;gqWkGxjm5N4xB0Zc;scroll;2707
549;2022-01-13 07:04:25.447000+00:00;gqWkGxjm5N4xB0Zc;scroll;2561
550;2022-01-13 07:04:25.463000+00:00;gqWkGxjm5N4xB0Zc;scroll;2423
551;2022-01-13 07:04:25.480000+00:00;gqWkGxjm5N4xB0Zc;scroll;2293
552;2022-01-13 07:04:25.497000+00:00;gqWkGxjm5N4xB0Zc;scroll;2173
553;2022-01-13 07:04:25.514000+00:00;gqWkGxjm5N4xB0Zc;scroll;2058
554;2022-01-13 07:04:25.530000+00:00;gqWkGxjm5N4xB0Zc;scroll;1948
555;2022-01-13 07:04:25.547000+00:00;gqWkGxjm5N4xB0Zc;scroll;1843
556;2022-01-13 07:04:25.564000+00:00;gqWkGxjm5N4xB0Zc;scroll;1743
557;2022-01-13 07:04:25.580000+00:00;gqWkGxjm5N4xB0Zc;scroll;1647
558;2022-01-13 07:04:25.598000+00:00;gqWkGxjm5N4xB0Zc;scroll;1555
559;2022-01-13 07:04:25.614000+00:00;gqWkGxjm5N4xB0Zc;scroll;1468
560;2022-01-13 07:04:25.630000+00:00;gqWkGxjm5N4xB0Zc;scroll;1386
561;2022-01-13 07:04:25.648000+00:00;gqWkGxjm5N4xB0Zc;scroll;1309
562;2022-01-13 07:04:25.664000+00:00;gqWkGxjm5N4xB0Zc;scroll;1237
563;2022-01-13 07:04:25.680000+00:00;gqWkGxjm5N4xB0Zc;scroll;1169
564;2022-01-13 07:04:25.697000+00:00;gqWkGxjm5N4xB0Zc;scroll;1105
565;2022-01-13 07:04:25.714000+00:00;gqWkGxjm5N4xB0Zc;scroll;1046
566;2022-01-13 07:04:25.732000+00:00;gqWkGxjm5N4xB0Zc;scroll;991
567;2022-01-13 07:04:25.747000+00:00;gqWkGxjm5N4xB0Zc;scroll;940
568;2022-01-13 07:04:25.764000+00:00;gqWkGxjm5N4xB0Zc;scroll;893
569;2022-01-13 07:04:25.780000+00:00;gqWkGxjm5N4xB0Zc;scroll;850
570;2022-01-13 07:04:25.797000+00:00;gqWkGxjm5N4xB0Zc;scroll;809
571;2022-01-13 07:04:25.814000+00:00;gqWkGxjm5N4xB0Zc;scroll;772
572;2022-01-13 07:04:25.831000+00:00;gqWkGxjm5N4xB0Zc;scroll;737
573;2022-01-13 07:04:25.847000+00:00;gqWkGxjm5N4xB0Zc;scroll;705
574;2022-01-13 07:04:25.863000+00:00;gqWkGxjm5N4xB0Zc;scroll;676
575;2022-01-13 07:04:25.880000+00:00;gqWkGxjm5N4xB0Zc;scroll;650
576;2022-01-13 07:04:25.897000+00:00;gqWkGxjm5N4xB0Zc;scroll;626
577;2022-01-13 07:04:25.914000+00:00;gqWkGxjm5N4xB0Zc;scroll;604
578;2022-01-13 07:04:25.930000+00:00;gqWkGxjm5N4xB0Zc;scroll;584
579;2022-01-13 07:04:25.948000+00:00;gqWkGxjm5N4xB0Zc;scroll;565
580;2022-01-13 07:04:25.964000+00:00;gqWkGxjm5N4xB0Zc;scroll;548
581;2022-01-13 07:04:25.980000+00:00;gqWkGxjm5N4xB0Zc;scroll;532
582;2022-01-13 07:04:25.998000+00:00;gqWkGxjm5N4xB0Zc;scroll;528
583;2022-01-13 07:04:26.014000+00:00;gqWkGxjm5N4xB0Zc;scroll;512
584;2022-01-13 07:04:26.030000+00:00;gqWkGxjm5N4xB0Zc;scroll;484
585;2022-01-13 07:04:26.047000+00:00;gqWkGxjm5N4xB0Zc;scroll;415
586;2022-01-13 07:04:26.064000+00:00;gqWkGxjm5N4xB0Zc;scroll;323
587;2022-01-13 07:04:26.097000+00:00;gqWkGxjm5N4xB0Zc;scroll;194
588;2022-01-13 07:04:26.114000+00:00;gqWkGxjm5N4xB0Zc;scroll;40
589;2022-01-13 07:04:26.131000+00:00;gqWkGxjm5N4xB0Zc;scroll;0
